<?xml version="1.0" encoding="ISO-8859-1"?>
<FruityWifi>
    <module>
        <name>api</name>
        <version>1.2</version>
        <author>@xtr4nge</author>
        <description>API interface</description>
        <url>module_api</url>
        <required>2.4</required>
    </module>
    <module>
        <name>ap</name>
        <version>1.7</version>
        <author>@xtr4nge</author>
        <description>AP interface</description>
        <url>module_ap</url>
        <required>2.4</required>
    </module>
    <module>
        <name>fruitydns</name>
        <version>1.1</version>
        <author>@xtr4nge</author>
        <description>FruityDNS interface</description>
        <url>module_fruitydns</url>
        <required>2.4</required>
    </module>
    <module>
        <name>karma</name>
        <version>1.7</version>
	<author>@xtr4nge</author>
	<description>Karma interface</description>
	<url>module_karma</url>
	<required>2.4</required>
    </module>
    <module>
        <name>mana</name>
        <version>1.7</version>
	<author>@xtr4nge</author>
	<description>mana interface</description>
	<url>module_mana</url>
	<required>2.4</required>
    </module>
    <module>
        <name>automaton</name>
        <version>1.2</version>
	<author>@xtr4nge</author>
	<description>automaton interface</description>
	<url>module_automaton</url>
	<required>2.4</required>
    </module>
    <module>
        <name>faraday</name>
        <version>1.0</version>
	<author>@xtr4nge</author>
	<description>faraday interface</description>
	<url>module_faraday</url>
	<required>2.4</required>
    </module>
    <module>
        <name>geolocation</name>
        <version>1.0</version>
	<author>@xtr4nge</author>
	<description>geolocation interface</description>
	<url>module_geolocation</url>
	<required>2.4</required>
    </module>
    <module>
        <name>detectrogue</name>
        <version>1.2</version>
	<author>@xtr4nge</author>
	<description>detectrogue interface</description>
	<url>module_detectrogue</url>
	<required>2.4</required>
    </module>
    <module>
        <name>detectdeauth</name>
        <version>1.1</version>
	<author>@xtr4nge</author>
	<description>detectdeauth interface</description>
	<url>module_detectdeauth</url>
	<required>2.4</required>
    </module>
    <module>
        <name>hopper</name>
        <version>1.0</version>
	<author>@xtr4nge</author>
	<description>hopper interface</description>
	<url>module_hopper</url>
	<required>2.4</required>
    </module>
    <module>
        <name>bettercap</name>
        <version>1.0</version>
	<author>@xtr4nge</author>
	<description>bettercap interface</description>
	<url>module_bettercap</url>
	<required>2.4</required>
    </module>
    <module>
        <name>beef</name>
        <version>1.0</version>
	<author>@xtr4nge</author>
	<description>beef interface</description>
	<url>module_beef</url>
	<required>2.4</required>
    </module>
    <module>
        <name>metasploit</name>
        <version>1.1</version>
	<author>@xtr4nge</author>
	<description>metasploit interface</description>
	<url>module_metasploit</url>
	<required>2.4</required>
    </module>
    <module>
        <name>sshuttle</name>
        <version>1.0</version>
	<author>@xtr4nge</author>
	<description>sshuttle interface</description>
	<url>module_sshuttle</url>
	<required>2.4</required>
    </module>
    <module>
        <name>nmap</name>
        <version>1.5</version>
	<author>@xtr4nge</author>
	<description>nmap interface</description>
	<url>module_nmap</url>
	<required>2.1</required>
    </module>
    <module>
        <name>sslstrip</name>
        <version>1.8</version>
	<author>@xtr4nge</author>
	<description>sslstrip interface</description>
	<url>module_sslstrip</url>
	<required>2.1</required>
    </module>
    <module>
        <name>dnsspoof</name>
        <version>1.7</version>
	<author>@xtr4nge</author>
	<description>dnsspoof interface</description>
	<url>module_dnsspoof</url>
	<required>2.1</required>
    </module>
    <module>
        <name>urlsnarf</name>
        <version>1.7</version>
	<author>@xtr4nge</author>
	<description>urlsnarf interface</description>
	<url>module_urlsnarf</url>
	<required>2.1</required>
    </module>
    <module>
        <name>mdk3</name>
        <version>1.8</version>
	<author>@xtr4nge</author>
	<description>mdk3 interface</description>
	<url>module_mdk3</url>
	<required>2.1</required>
    </module>
    <module>
        <name>ngrep</name>
        <version>1.5</version>
	<author>@xtr4nge</author>
	<description>ngrep interface</description>
	<url>module_ngrep</url>
	<required>2.1</required>
    </module>
    <module>
        <name>captive</name>
        <version>1.9</version>
	<author>@xtr4nge</author>
	<description>captive portal</description>
	<url>module_captive</url>
	<required>2.4</required>
    </module>
    <module>
        <name>squid3</name>
        <version>1.4</version>
	<author>@xtr4nge</author>
	<description>squid3 interface</description>
	<url>module_squid3</url>
	<required>2.1</required>
    </module>
    <module>
        <name>kismet</name>
        <version>1.3</version>
	<author>@xtr4nge</author>
	<description>kismet interface</description>
	<url>module_kismet</url>
	<required>2.4</required>
    </module>
    <module>
        <name>responder</name>
        <version>1.6</version>
	<author>@xtr4nge</author>
	<description>Responder interface</description>
	<url>module_responder</url>
	<required>2.1</required>
    </module>
    <module>
        <name>autostart</name>
        <version>1.4</version>
	<author>@xtr4nge</author>
	<description>Autostart interface</description>
	<url>module_autostart</url>
	<required>2.4</required>
    </module>
    <module>
        <name>rpitwit</name>
        <version>1.3</version>
	<author>@xtr4nge</author>
	<description>RPItwit interface</description>
	<url>module_rpitwit</url>
	<required>2.1</required>
    </module>
    <module>
        <name>whatsapp</name>
        <version>1.3</version>
	<author>@xtr4nge</author>
	<description>Whatsapp interface</description>
	<url>module_whatsapp</url>
	<required>2.1</required>
    </module>
    <module>
        <name>nmcli</name>
        <version>1.3</version>
	<author>@xtr4nge</author>
	<description>nmcli interface</description>
	<url>module_nmcli</url>
	<required>2.1</required>
    </module>
    <module>
        <name>3g_4g</name>
        <version>1.2</version>
	<author>@xtr4nge</author>
	<description>3G/4G interface</description>
	<url>module_3g_4g</url>
	<required>2.1</required>
    </module>
    <module>
        <name>supplicant</name>
        <version>1.3</version>
	<author>@xtr4nge</author>
	<description>supplicant interface</description>
	<url>module_supplicant</url>
	<required>2.4</required>
    </module>
    <module>
        <name>meterpreter</name>
        <version>1.2</version>
	<author>@xtr4nge</author>
	<description>meterpreter interface</description>
	<url>module_meterpreter</url>
	<required>2.1</required>
    </module>
    <module>
        <name>ettercap</name>
        <version>1.3</version>
	<author>@xtr4nge</author>
	<description>ettercap interface</description>
	<url>module_ettercap</url>
	<required>2.1</required>
    </module>
    <module>
        <name>tcpdump</name>
        <version>1.2</version>
	<author>@xtr4nge</author>
	<description>tcpdump interface</description>
	<url>module_tcpdump</url>
	<required>2.1</required>
    </module>
    <module>
        <name>autossh</name>
        <version>1.3</version>
	<author>@xtr4nge</author>
	<description>autossh interface</description>
	<url>module_autossh</url>
	<required>2.1</required>
    </module>
    <module>
        <name>vfeed</name>
        <version>1.1</version>
	<author>@xtr4nge</author>
	<description>vfeed interface</description>
	<url>module_vfeed</url>
	<required>2.1</required>
    </module>
    <module>
        <name>nessus</name>
        <version>1.1</version>
	<author>@xtr4nge</author>
	<description>nessus interface</description>
	<url>module_nessus</url>
	<required>2.1</required>
    </module>
    <module>
        <name>tor</name>
        <version>1.1</version>
	<author>@xtr4nge</author>
	<description>tor interface</description>
	<url>module_tor</url>
	<required>2.1</required>
    </module>
    <module>
        <name>phishing</name>
        <version>1.2</version>
	<author>@xtr4nge</author>
	<description>phishing interface</description>
	<url>module_phishing</url>
	<required>2.1</required>
    </module>
    <module>
        <name>recon</name>
        <version>1.2</version>
	<author>@xtr4nge</author>
	<description>recon interface</description>
	<url>module_recon</url>
	<required>2.4</required>
    </module>
    <module>
        <name>bdfproxy</name>
        <version>1.3</version>
	<author>@xtr4nge</author>
	<description>bdfproxy interface</description>
	<url>module_bdfproxy</url>
	<required>2.4</required>
    </module>
    <module>
        <name>nginx</name>
        <version>1.1</version>
	<author>@xtr4nge</author>
	<description>nginx interface</description>
	<url>module_nginx</url>
	<required>2.4</required>
    </module>
    <module>
        <name>mitmf</name>
        <version>1.0</version>
	<author>@xtr4nge</author>
	<description>MITMf interface</description>
	<url>module_mitmf</url>
	<required>2.1</required>
    </module>
    <module>
        <name>sslstrip2</name>
        <version>1.1</version>
	<author>@xtr4nge</author>
	<description>sslstrip2 interface</description>
	<url>module_sslstrip2</url>
	<required>2.1</required>
    </module>
    <module>
        <name>fruityproxy</name>
        <version>1.5</version>
	<author>@xtr4nge</author>
	<description>fruityproxy interface</description>
	<url>module_fruityproxy</url>
	<required>2.4</required>
    </module>
    <module>
        <name>bluepand</name>
        <version>1.0</version>
        <author>@AnguisCaptor</author>
        <description>BluePand interface</description>
        <url>module_bluepand</url>
        <required>2.1</required>
    </module>
    <module>
        <name>stalker</name>
        <version>1.0</version>
        <author>@xtr4nge</author>
        <description>Stalker interface</description>
        <url>module_stalker</url>
        <required>2.1</required>
    </module>
    <module>
        <name>devicefinder</name>
        <version>1.0</version>
        <author>@xtr4nge</author>
        <description>DeviceFinder interface</description>
        <url>module_devicefinder</url>
        <required>2.1</required>
    </module>
    <module>
        <name>mgmt</name>
        <version>1.1</version>
        <author>@xtr4nge</author>
        <description>mgmt interface</description>
        <url>module_mgmt</url>
        <required>2.2</required>
    </module>
    <module>
        <name>tapper</name>
        <version>1.1</version>
        <author>@xtr4nge</author>
        <description>tapper interface</description>
        <url>module_tapper</url>
        <required>2.2</required>
    </module>
    <module>
        <name>openvpn</name>
        <version>1.0</version>
        <author>@xtr4nge</author>
        <description>openvpn interface</description>
        <url>module_openvpn</url>
        <required>2.2</required>
    </module>
    <module>
        <name>wifirecon</name>
        <version>1.0</version>
        <author>@xtr4nge</author>
        <description>WiFiRecon interface</description>
        <url>module_api</url>
        <required>2.3</required>
    </module>
</FruityWifi>
